{"passwd": {"mean": [0.08131133333333333, 0.12220433333333332, 0.103084, 0.10394633333333332, 0.13172566666666666, 0.11161433333333333], "variance": [1.5726033555555553e-05, 5.326683355555549e-05, 0.00010682733066666667, 7.418133355555552e-05, 0.0002529952615555555, 1.6486542888888898e-05]}}